0,1,2,# points,radius
21.615539453271406,29.84666823260043,1.1457091211746806,89,0.5873146840301849
3.373472383251463,15.449339429592042,1.9890297498515312,83,0.781469466778378
15.659132515980893,14.439459183568125,2.0,79,0.73333602107474
