0,1,2,# points,radius
15.65,14.386063552254107,2.0,4,0.6139364477458926
