0,1,2,# points,radius
32.4911289373503,7.583293589915051,1.0000878385336016,192,8.253754780902055
38.693508314666666,13.715088396570124,1.0000115804706198,55,12.309443945123405
11.478010760956758,16.783116440419,2.0806443247837545,47,4.763318920259818
9.037897574982034,20.572231081967004,2.7891681875189485,12,5.3544355514846105
27.23628920326467,5.546754709904358,1.0000610472484082,14,9.009964354115201
5.463838021727583,23.524226266791857,2.9804330790244937,51,10.62002631672627
