0,1,2,# points,radius
36.795417862998804,11.54116384759418,1.0018683965701303,61,13.798662950694546
12.385932344403283,16.838802381088648,2.347843214802256,41,9.183149527931914
17.608231468895212,15.826452281475444,2.1185675891259845,194,7.4674148476233055
7.152680071572098,22.459692805631896,2.999785821899419,75,16.205251766155165
